{"name":"build-javascript","namedChunkGroups":{"polyfill":{"name":"polyfill","assets":[{"name":"webpack-runtime-03100ce2c85653a6f102.js","size":3473},{"name":"polyfill-4c8794f2fcef5dd7c5b2.js","size":85047}],"filteredAssets":0,"assetsSize":88520,"filteredAuxiliaryAssets":2,"auxiliaryAssetsSize":224802},"app":{"name":"app","assets":[{"name":"webpack-runtime-03100ce2c85653a6f102.js","size":3473},{"name":"framework-31cd70c2ca396c8bac9d.js","size":140574},{"name":"styles.4f301ee23adc33a06314.css","size":28989},{"name":"app-64dd3d35902b0df26684.js","size":78657}],"filteredAssets":0,"assetsSize":251693,"filteredAuxiliaryAssets":7,"auxiliaryAssetsSize":799458},"component---src-pages-history-tsx":{"name":"component---src-pages-history-tsx","assets":[{"name":"commons-754048954ae75c8a4f4c.js","size":52888},{"name":"component---src-pages-history-tsx-b3eae7dcf9e833364a49.js","size":614}],"filteredAssets":0,"assetsSize":53502,"filteredAuxiliaryAssets":3,"auxiliaryAssetsSize":268236},"component---src-pages-index-tsx":{"name":"component---src-pages-index-tsx","assets":[{"name":"commons-754048954ae75c8a4f4c.js","size":52888},{"name":"component---src-pages-index-tsx-fa3d0af00c435e7d91d5.js","size":19418}],"filteredAssets":0,"assetsSize":72306,"filteredAuxiliaryAssets":3,"auxiliaryAssetsSize":337859},"component---src-pages-more-tsx":{"name":"component---src-pages-more-tsx","assets":[{"name":"commons-754048954ae75c8a4f4c.js","size":52888},{"name":"component---src-pages-more-tsx-ba909862f86ddaa76545.js","size":622}],"filteredAssets":0,"assetsSize":53510,"filteredAuxiliaryAssets":3,"auxiliaryAssetsSize":268234},"component---src-pages-post-tsx":{"name":"component---src-pages-post-tsx","assets":[{"name":"commons-754048954ae75c8a4f4c.js","size":52888},{"name":"component---src-pages-post-tsx-bbc9544f64091a0ba452.js","size":607}],"filteredAssets":0,"assetsSize":53495,"filteredAuxiliaryAssets":3,"auxiliaryAssetsSize":268219}},"assetsByChunkName":{"polyfill":["webpack-runtime-03100ce2c85653a6f102.js","polyfill-4c8794f2fcef5dd7c5b2.js"],"app":["webpack-runtime-03100ce2c85653a6f102.js","framework-31cd70c2ca396c8bac9d.js","styles.4f301ee23adc33a06314.css","app-64dd3d35902b0df26684.js"],"component---src-pages-history-tsx":["commons-754048954ae75c8a4f4c.js","component---src-pages-history-tsx-b3eae7dcf9e833364a49.js"],"component---src-pages-index-tsx":["commons-754048954ae75c8a4f4c.js","component---src-pages-index-tsx-fa3d0af00c435e7d91d5.js"],"component---src-pages-more-tsx":["commons-754048954ae75c8a4f4c.js","component---src-pages-more-tsx-ba909862f86ddaa76545.js"],"component---src-pages-post-tsx":["commons-754048954ae75c8a4f4c.js","component---src-pages-post-tsx-bbc9544f64091a0ba452.js"]},"childAssetsByChunkName":{}}